Seq,Start TimeStamp,Finish TimeStamp,Protocol,Src IP,Src Port,Dst IP,Dst Port,ICMP ID,Type,ID Sub/Technique,#Attack Messages,#Attack Instances
1,1519309071.51345,1519309077.403296,TCP,18.218.115.60,51221,172.31.69.28,80,,P,T1210,1.0,1.0
2,1519309071.513464,1519309077.402931,TCP,172.31.69.28,80,18.218.115.60,51221,,,,,
3,1519309071.336902,1519309079.715803,TCP,18.218.115.60,51220,172.31.69.28,80,,P,T1210,0.0,0.0
4,1519309071.336937,1519309079.715474,TCP,172.31.69.28,80,18.218.115.60,51220,,,,,
5,1519309108.787021,1519309114.621402,TCP,18.218.115.60,51297,172.31.69.28,80,,P,T1210,0.0,0.0
6,1519309108.787032,1519309114.621011,TCP,172.31.69.28,80,18.218.115.60,51297,,,,,
7,1519309108.594049,1519309164.637374,TCP,18.218.115.60,51296,172.31.69.28,80,,P,T1210,0.0,0.0
8,1519309108.594073,1519309164.637377,TCP,172.31.69.28,80,18.218.115.60,51296,,,,,
9,1519309164.646993,1519309221.331865,TCP,18.218.115.60,51708,172.31.69.28,80,,P,T1210,0.0,0.0
10,1519309164.647015,1519309221.331867,TCP,172.31.69.28,80,18.218.115.60,51708,,,,,
11,1519309222.457276,1519309227.466267,TCP,18.218.115.60,52126,172.31.69.28,80,,P,T1210,0.0,0.0
12,1519309222.457299,1519309227.46627,TCP,172.31.69.28,80,18.218.115.60,52126,,,,,
13,1519309222.457706,1519309278.875485,TCP,18.218.115.60,52127,172.31.69.28,80,,P,T1210,0.0,0.0
14,1519309222.45771,1519309278.875488,TCP,172.31.69.28,80,18.218.115.60,52127,,,,,
15,1519309279.986162,1519309284.995861,TCP,18.218.115.60,52540,172.31.69.28,80,,P,T1210,0.0,0.0
16,1519309279.986197,1519309284.995878,TCP,172.31.69.28,80,18.218.115.60,52540,,,,,
17,1519309279.986503,1519309336.602009,TCP,18.218.115.60,52541,172.31.69.28,80,,P,T1210,0.0,0.0
18,1519309279.98651,1519309336.602014,TCP,172.31.69.28,80,18.218.115.60,52541,,,,,
19,1519309337.700776,1519309342.709609,TCP,18.218.115.60,52958,172.31.69.28,80,,P,T1210,0.0,0.0
20,1519309337.700799,1519309342.709613,TCP,172.31.69.28,80,18.218.115.60,52958,,,,,
21,1519309337.701193,1519309394.175914,TCP,18.218.115.60,52959,172.31.69.28,80,,P,T1210,0.0,0.0
22,1519309337.701196,1519309394.175917,TCP,172.31.69.28,80,18.218.115.60,52959,,,,,
23,1519309395.281288,1519309400.289829,TCP,18.218.115.60,53372,172.31.69.28,80,,P,T1210,0.0,0.0
24,1519309395.281312,1519309400.289473,TCP,172.31.69.28,80,18.218.115.60,53372,,,,,
25,1519309395.281664,1519309451.952578,TCP,18.218.115.60,53373,172.31.69.28,80,,P,T1210,0.0,0.0
26,1519309395.281668,1519309451.952581,TCP,172.31.69.28,80,18.218.115.60,53373,,,,,
27,1519309453.110044,1519309458.117259,TCP,18.218.115.60,53789,172.31.69.28,80,,P,T1210,0.0,0.0
28,1519309453.110069,1519309458.116914,TCP,172.31.69.28,80,18.218.115.60,53789,,,,,
29,1519309453.110449,1519309510.329437,TCP,18.218.115.60,53790,172.31.69.28,80,,P,T1210,0.0,0.0
30,1519309453.110456,1519309510.32944,TCP,172.31.69.28,80,18.218.115.60,53790,,,,,
31,1519309511.437666,1519309516.444867,TCP,18.218.115.60,54207,172.31.69.28,80,,P,T1210,0.0,0.0
32,1519309511.43769,1519309516.444518,TCP,172.31.69.28,80,18.218.115.60,54207,,,,,
33,1519309511.438031,1519309567.685426,TCP,18.218.115.60,54208,172.31.69.28,80,,P,T1210,0.0,0.0
34,1519309511.438036,1519309567.685429,TCP,172.31.69.28,80,18.218.115.60,54208,,,,,
35,1519309568.787639,1519309573.796501,TCP,18.218.115.60,54619,172.31.69.28,80,,P,T1210,0.0,0.0
36,1519309568.787661,1519309573.796506,TCP,172.31.69.28,80,18.218.115.60,54619,,,,,
37,1519309568.788115,1519309625.201268,TCP,18.218.115.60,54620,172.31.69.28,80,,P,T1210,0.0,0.0
38,1519309568.788125,1519309625.201272,TCP,172.31.69.28,80,18.218.115.60,54620,,,,,
39,1519309626.31136,1519309631.320761,TCP,18.218.115.60,55038,172.31.69.28,80,,P,T1210,0.0,0.0
40,1519309626.311383,1519309631.320765,TCP,172.31.69.28,80,18.218.115.60,55038,,,,,
41,1519309626.311693,1519309682.965238,TCP,18.218.115.60,55039,172.31.69.28,80,,P,T1210,0.0,0.0
42,1519309626.311698,1519309682.96524,TCP,172.31.69.28,80,18.218.115.60,55039,,,,,
43,1519309684.079562,1519309689.084506,TCP,18.218.115.60,55451,172.31.69.28,80,,P,T1210,0.0,0.0
44,1519309684.079584,1519309689.084117,TCP,172.31.69.28,80,18.218.115.60,55451,,,,,
45,1519309684.079877,1519309741.082461,TCP,18.218.115.60,55452,172.31.69.28,80,,P,T1210,0.0,0.0
46,1519309684.079882,1519309741.082464,TCP,172.31.69.28,80,18.218.115.60,55452,,,,,
47,1519309742.187727,1519309747.192123,TCP,18.218.115.60,55872,172.31.69.28,80,,P,T1210,0.0,0.0
48,1519309742.18775,1519309747.191761,TCP,172.31.69.28,80,18.218.115.60,55872,,,,,
49,1519309742.188147,1519309798.812276,TCP,18.218.115.60,55873,172.31.69.28,80,,P,T1210,0.0,0.0
50,1519309742.188151,1519309798.812279,TCP,172.31.69.28,80,18.218.115.60,55873,,,,,
51,1519309799.919709,1519309804.928585,TCP,18.218.115.60,56285,172.31.69.28,80,,P,T1210,0.0,0.0
52,1519309799.919731,1519309804.928589,TCP,172.31.69.28,80,18.218.115.60,56285,,,,,
53,1519309799.920101,1519309856.511714,TCP,18.218.115.60,56286,172.31.69.28,80,,P,T1210,0.0,0.0
54,1519309799.920105,1519309856.511722,TCP,172.31.69.28,80,18.218.115.60,56286,,,,,
55,1519309857.625071,1519309862.629712,TCP,18.218.115.60,56699,172.31.69.28,80,,P,T1210,0.0,0.0
56,1519309857.625093,1519309862.629347,TCP,172.31.69.28,80,18.218.115.60,56699,,,,,
57,1519309857.625455,1519309914.412093,TCP,18.218.115.60,56700,172.31.69.28,80,,P,T1210,0.0,0.0
58,1519309857.62546,1519309914.4121,TCP,172.31.69.28,80,18.218.115.60,56700,,,,,
59,1519309915.515496,1519309920.520431,TCP,18.218.115.60,57116,172.31.69.28,80,,P,T1210,0.0,0.0
60,1519309915.515519,1519309920.520084,TCP,172.31.69.28,80,18.218.115.60,57116,,,,,
61,1519309915.515824,1519309971.979965,TCP,18.218.115.60,57117,172.31.69.28,80,,P,T1210,0.0,0.0
62,1519309915.515829,1519309971.979967,TCP,172.31.69.28,80,18.218.115.60,57117,,,,,
63,1519309973.092947,1519309978.095757,TCP,18.218.115.60,57530,172.31.69.28,80,,P,T1210,0.0,0.0
64,1519309973.092969,1519309978.095383,TCP,172.31.69.28,80,18.218.115.60,57530,,,,,
65,1519309973.093341,1519310029.586074,TCP,18.218.115.60,57531,172.31.69.28,80,,P,T1210,0.0,0.0
66,1519309973.093345,1519310029.586079,TCP,172.31.69.28,80,18.218.115.60,57531,,,,,
67,1519310030.701211,1519310035.706378,TCP,18.218.115.60,57948,172.31.69.28,80,,P,T1210,0.0,0.0
68,1519310030.701235,1519310035.706065,TCP,172.31.69.28,80,18.218.115.60,57948,,,,,
69,1519310030.701596,1519310087.233446,TCP,18.218.115.60,57949,172.31.69.28,80,,P,T1210,0.0,0.0
70,1519310030.701601,1519310087.233449,TCP,172.31.69.28,80,18.218.115.60,57949,,,,,
71,1519310088.34107,1519310093.344417,TCP,18.218.115.60,58362,172.31.69.28,80,,P,T1210,0.0,0.0
72,1519310088.341093,1519310093.344056,TCP,172.31.69.28,80,18.218.115.60,58362,,,,,
73,1519310088.341469,1519310144.902471,TCP,18.218.115.60,58363,172.31.69.28,80,,P,T1210,0.0,0.0
74,1519310088.341473,1519310144.902474,TCP,172.31.69.28,80,18.218.115.60,58363,,,,,
75,1519310145.996049,1519310151.004791,TCP,18.218.115.60,58779,172.31.69.28,80,,P,T1210,0.0,0.0
76,1519310145.996071,1519310151.004796,TCP,172.31.69.28,80,18.218.115.60,58779,,,,,
77,1519310145.996423,1519310202.479859,TCP,18.218.115.60,58780,172.31.69.28,80,,P,T1210,0.0,0.0
78,1519310145.996428,1519310202.479862,TCP,172.31.69.28,80,18.218.115.60,58780,,,,,
79,1519310203.587056,1519310208.59486,TCP,18.218.115.60,59192,172.31.69.28,80,,P,T1210,0.0,0.0
80,1519310203.587079,1519310208.594497,TCP,172.31.69.28,80,18.218.115.60,59192,,,,,
81,1519310203.587521,1519310260.348343,TCP,18.218.115.60,59193,172.31.69.28,80,,P,T1210,0.0,0.0
82,1519310203.587526,1519310260.348348,TCP,172.31.69.28,80,18.218.115.60,59193,,,,,
83,1519310261.459806,1519310266.467773,TCP,18.218.115.60,59608,172.31.69.28,80,,P,T1210,0.0,0.0
84,1519310261.459831,1519310266.467404,TCP,172.31.69.28,80,18.218.115.60,59608,,,,,
85,1519310261.460202,1519310318.037374,TCP,18.218.115.60,59609,172.31.69.28,80,,P,T1210,0.0,0.0
86,1519310261.460208,1519310318.037377,TCP,172.31.69.28,80,18.218.115.60,59609,,,,,
87,1519310319.152829,1519310324.15459,TCP,18.218.115.60,60024,172.31.69.28,80,,P,T1210,0.0,0.0
88,1519310319.152854,1519310324.154248,TCP,172.31.69.28,80,18.218.115.60,60024,,,,,
89,1519310319.153303,1519310375.775189,TCP,18.218.115.60,60025,172.31.69.28,80,,P,T1210,0.0,0.0
90,1519310319.153307,1519310375.775192,TCP,172.31.69.28,80,18.218.115.60,60025,,,,,
91,1519310376.881436,1519310381.888071,TCP,18.218.115.60,60437,172.31.69.28,80,,P,T1210,0.0,0.0
92,1519310376.88146,1519310381.887702,TCP,172.31.69.28,80,18.218.115.60,60437,,,,,
93,1519310376.881794,1519310433.977469,TCP,18.218.115.60,60438,172.31.69.28,80,,P,T1210,0.0,0.0
94,1519310376.881797,1519310433.977472,TCP,172.31.69.28,80,18.218.115.60,60438,,,,,
95,1519310435.154821,1519310440.163777,TCP,18.218.115.60,60855,172.31.69.28,80,,P,T1210,0.0,0.0
96,1519310435.154843,1519310440.16378,TCP,172.31.69.28,80,18.218.115.60,60855,,,,,
97,1519310435.155173,1519310492.12929,TCP,18.218.115.60,60856,172.31.69.28,80,,P,T1210,0.0,0.0
98,1519310435.155178,1519310492.129293,TCP,172.31.69.28,80,18.218.115.60,60856,,,,,
99,1519310493.228056,1519310498.233179,TCP,18.218.115.60,61268,172.31.69.28,80,,P,T1210,0.0,0.0
100,1519310493.22808,1519310498.232765,TCP,172.31.69.28,80,18.218.115.60,61268,,,,,
101,1519310493.22844,1519310549.771549,TCP,18.218.115.60,61269,172.31.69.28,80,,P,T1210,0.0,0.0
102,1519310493.228445,1519310549.771552,TCP,172.31.69.28,80,18.218.115.60,61269,,,,,
103,1519310550.911328,1519310555.918225,TCP,18.218.115.60,61686,172.31.69.28,80,,P,T1210,0.0,0.0
104,1519310550.911351,1519310555.917883,TCP,172.31.69.28,80,18.218.115.60,61686,,,,,
105,1519310550.911674,1519310607.550422,TCP,18.218.115.60,61687,172.31.69.28,80,,P,T1210,0.0,0.0
106,1519310550.911681,1519310607.550426,TCP,172.31.69.28,80,18.218.115.60,61687,,,,,
107,1519310608.664979,1519310613.667452,TCP,18.218.115.60,62100,172.31.69.28,80,,P,T1210,0.0,0.0
108,1519310608.665002,1519310613.667106,TCP,172.31.69.28,80,18.218.115.60,62100,,,,,
109,1519310608.665311,1519310665.766036,TCP,18.218.115.60,62101,172.31.69.28,80,,P,T1210,0.0,0.0
110,1519310608.665317,1519310665.76604,TCP,172.31.69.28,80,18.218.115.60,62101,,,,,
111,1519310666.895218,1519310671.901374,TCP,18.218.115.60,62517,172.31.69.28,80,,P,T1210,0.0,0.0
112,1519310666.895242,1519310671.900977,TCP,172.31.69.28,80,18.218.115.60,62517,,,,,
113,1519310666.895602,1519310723.677285,TCP,18.218.115.60,62518,172.31.69.28,80,,P,T1210,0.0,0.0
114,1519310666.895608,1519310723.677288,TCP,172.31.69.28,80,18.218.115.60,62518,,,,,
115,1519310724.788725,1519310729.791324,TCP,18.218.115.60,62930,172.31.69.28,80,,P,T1210,0.0,0.0
116,1519310724.788748,1519310729.791015,TCP,172.31.69.28,80,18.218.115.60,62930,,,,,
117,1519310724.789136,1519310781.033068,TCP,18.218.115.60,62931,172.31.69.28,80,,P,T1210,0.0,0.0
118,1519310724.78914,1519310781.033073,TCP,172.31.69.28,80,18.218.115.60,62931,,,,,
119,1519310782.147191,1519310787.151928,TCP,18.218.115.60,63345,172.31.69.28,80,,P,T1210,0.0,0.0
120,1519310782.147214,1519310787.151569,TCP,172.31.69.28,80,18.218.115.60,63345,,,,,
121,1519310782.147543,1519310838.577296,TCP,18.218.115.60,63346,172.31.69.28,80,,P,T1210,0.0,0.0
122,1519310782.147547,1519310838.577301,TCP,172.31.69.28,80,18.218.115.60,63346,,,,,
123,1519310839.689181,1519310844.696702,TCP,18.218.115.60,63763,172.31.69.28,80,,P,T1210,0.0,0.0
124,1519310839.689205,1519310844.696314,TCP,172.31.69.28,80,18.218.115.60,63763,,,,,
125,1519310839.689564,1519310896.131068,TCP,18.218.115.60,63764,172.31.69.28,80,,P,T1210,0.0,0.0
126,1519310839.689569,1519310896.131074,TCP,172.31.69.28,80,18.218.115.60,63764,,,,,
127,1519310897.237533,1519310902.242962,TCP,18.218.115.60,64175,172.31.69.28,80,,P,T1210,0.0,0.0
128,1519310897.237555,1519310902.24262,TCP,172.31.69.28,80,18.218.115.60,64175,,,,,
129,1519310897.237888,1519310953.772674,TCP,18.218.115.60,64176,172.31.69.28,80,,P,T1210,0.0,0.0
130,1519310897.237893,1519310953.772679,TCP,172.31.69.28,80,18.218.115.60,64176,,,,,
131,1519310954.875346,1519310959.883081,TCP,18.218.115.60,64593,172.31.69.28,80,,P,T1210,0.0,0.0
132,1519310954.875369,1519310959.882675,TCP,172.31.69.28,80,18.218.115.60,64593,,,,,
133,1519310954.875645,1519311011.555757,TCP,18.218.115.60,64594,172.31.69.28,80,,P,T1210,0.0,0.0
134,1519310954.875649,1519311011.555761,TCP,172.31.69.28,80,18.218.115.60,64594,,,,,
135,1519311012.66274,1519311017.671623,TCP,18.218.115.60,65007,172.31.69.28,80,,P,T1210,0.0,0.0
136,1519311012.662765,1519311017.671627,TCP,172.31.69.28,80,18.218.115.60,65007,,,,,
137,1519311012.663106,1519311069.065594,TCP,18.218.115.60,65008,172.31.69.28,80,,P,T1210,0.0,0.0
138,1519311012.663111,1519311069.065596,TCP,172.31.69.28,80,18.218.115.60,65008,,,,,
139,1519311070.170966,1519311075.179848,TCP,18.218.115.60,65423,172.31.69.28,80,,P,T1210,0.0,0.0
140,1519311070.170991,1519311075.179852,TCP,172.31.69.28,80,18.218.115.60,65423,,,,,
141,1519311070.171403,1519311126.880952,TCP,18.218.115.60,65424,172.31.69.28,80,,P,T1210,0.0,0.0
142,1519311070.171408,1519311126.880954,TCP,172.31.69.28,80,18.218.115.60,65424,,,,,
143,1519311128.005471,1519311133.011284,TCP,18.218.115.60,49455,172.31.69.28,80,,P,T1210,0.0,0.0
144,1519311128.005496,1519311133.010935,TCP,172.31.69.28,80,18.218.115.60,49455,,,,,
145,1519311128.005975,1519311186.667281,TCP,18.218.115.60,49456,172.31.69.28,80,,P,T1210,0.0,0.0
146,1519311128.005983,1519311186.667284,TCP,172.31.69.28,80,18.218.115.60,49456,,,,,
147,1519311187.834984,1519311192.843875,TCP,18.218.115.60,49880,172.31.69.28,80,,P,T1210,0.0,0.0
148,1519311187.835008,1519311192.84388,TCP,172.31.69.28,80,18.218.115.60,49880,,,,,
149,1519311187.835415,1519311245.596687,TCP,18.218.115.60,49881,172.31.69.28,80,,P,T1210,0.0,0.0
150,1519311187.835419,1519311245.596691,TCP,172.31.69.28,80,18.218.115.60,49881,,,,,
151,1519311246.708347,1519311251.715826,TCP,18.218.115.60,50296,172.31.69.28,80,,P,T1210,0.0,0.0
152,1519311246.708369,1519311251.71583,TCP,172.31.69.28,80,18.218.115.60,50296,,,,,
153,1519311246.708783,1519311305.538097,TCP,18.218.115.60,50297,172.31.69.28,80,,P,T1210,0.0,0.0
154,1519311246.708787,1519311305.5381,TCP,172.31.69.28,80,18.218.115.60,50297,,,,,
155,1519311306.691842,1519311311.717313,TCP,18.218.115.60,50711,172.31.69.28,80,,P,T1210,0.0,0.0
156,1519311306.691866,1519311311.717323,TCP,172.31.69.28,80,18.218.115.60,50711,,,,,
157,1519311306.692122,1519311364.262445,TCP,18.218.115.60,50712,172.31.69.28,80,,P,T1210,0.0,0.0
158,1519311306.692126,1519311364.262447,TCP,172.31.69.28,80,18.218.115.60,50712,,,,,
159,1519311365.385768,1519311370.394454,TCP,18.218.115.60,51140,172.31.69.28,80,,P,T1210,0.0,0.0
160,1519311365.38579,1519311370.394458,TCP,172.31.69.28,80,18.218.115.60,51140,,,,,
161,1519311365.386022,1519311425.620736,TCP,18.218.115.60,51141,172.31.69.28,80,,P,T1210,0.0,0.0
162,1519311365.386025,1519311425.620739,TCP,172.31.69.28,80,18.218.115.60,51141,,,,,
163,1519311426.750238,1519311431.756475,TCP,18.218.115.60,51565,172.31.69.28,80,,P,T1210,0.0,0.0
164,1519311426.750264,1519311431.756479,TCP,172.31.69.28,80,18.218.115.60,51565,,,,,
165,1519311426.750932,1519311486.225759,TCP,18.218.115.60,51566,172.31.69.28,80,,P,T1210,0.0,0.0
166,1519311426.750937,1519311486.225761,TCP,172.31.69.28,80,18.218.115.60,51566,,,,,
167,1519311487.348304,1519311492.357079,TCP,18.218.115.60,51984,172.31.69.28,80,,P,T1210,0.0,0.0
168,1519311487.348327,1519311492.357084,TCP,172.31.69.28,80,18.218.115.60,51984,,,,,
169,1519311487.348597,1519311549.281619,TCP,18.218.115.60,51985,172.31.69.28,80,,P,T1210,0.0,0.0
170,1519311487.3486,1519311549.281622,TCP,172.31.69.28,80,18.218.115.60,51985,,,,,
171,1519311550.422531,1519311555.433263,TCP,18.218.115.60,52396,172.31.69.28,80,,P,T1210,0.0,0.0
172,1519311550.422555,1519311555.433268,TCP,172.31.69.28,80,18.218.115.60,52396,,,,,
173,1519311550.422865,1519311610.665006,TCP,18.218.115.60,52397,172.31.69.28,80,,P,T1210,0.0,0.0
174,1519311550.42287,1519311610.665009,TCP,172.31.69.28,80,18.218.115.60,52397,,,,,
175,1519311611.796016,1519311616.804749,TCP,18.218.115.60,52815,172.31.69.28,80,,P,T1210,0.0,0.0
176,1519311611.796039,1519311616.804752,TCP,172.31.69.28,80,18.218.115.60,52815,,,,,
177,1519311611.796316,1519311673.496822,TCP,18.218.115.60,52816,172.31.69.28,80,,P,T1210,0.0,0.0
178,1519311611.79632,1519311673.496826,TCP,172.31.69.28,80,18.218.115.60,52816,,,,,
179,1519311674.627373,1519311679.636179,TCP,18.218.115.60,53228,172.31.69.28,80,,P,T1210,0.0,0.0
180,1519311674.627395,1519311679.636182,TCP,172.31.69.28,80,18.218.115.60,53228,,,,,
181,1519311674.627725,1519311738.231899,TCP,18.218.115.60,53229,172.31.69.28,80,,P,T1210,0.0,0.0
182,1519311674.627729,1519311738.231902,TCP,172.31.69.28,80,18.218.115.60,53229,,,,,
183,1519311739.375326,1519311744.384128,TCP,18.218.115.60,53646,172.31.69.28,80,,P,T1210,0.0,0.0
184,1519311739.375349,1519311744.384131,TCP,172.31.69.28,80,18.218.115.60,53646,,,,,
185,1519311739.375723,1519311772.599136,TCP,18.218.115.60,53647,172.31.69.28,80,,P,T1210,0.0,0.0
186,1519311739.375728,1519311772.599141,TCP,172.31.69.28,80,18.218.115.60,53647,,,,,
187,1519311772.929758,1519311777.938767,TCP,18.218.115.60,53835,172.31.69.28,80,,P,T1210,0.0,0.0
188,1519311772.929782,1519311777.938772,TCP,172.31.69.28,80,18.218.115.60,53835,,,,,
189,1519311772.92997,1519311830.86738,TCP,18.218.115.60,53836,172.31.69.28,80,,P,T1210,0.0,0.0
190,1519311772.929974,1519311830.867383,TCP,172.31.69.28,80,18.218.115.60,53836,,,,,
191,1519311831.987203,1519311836.996964,TCP,18.218.115.60,54249,172.31.69.28,80,,P,T1210,0.0,0.0
192,1519311831.987228,1519311836.996968,TCP,172.31.69.28,80,18.218.115.60,54249,,,,,
193,1519311831.987493,1519311889.161731,TCP,18.218.115.60,54250,172.31.69.28,80,,P,T1210,0.0,0.0
194,1519311831.987499,1519311889.161733,TCP,172.31.69.28,80,18.218.115.60,54250,,,,,
195,1519311890.292337,1519311895.295283,TCP,18.218.115.60,54666,172.31.69.28,80,,P,T1210,0.0,0.0
196,1519311890.292361,1519311895.294941,TCP,172.31.69.28,80,18.218.115.60,54666,,,,,
197,1519311890.292588,1519311946.627296,TCP,18.218.115.60,54667,172.31.69.28,80,,P,T1210,0.0,0.0
198,1519311890.292592,1519311946.627299,TCP,172.31.69.28,80,18.218.115.60,54667,,,,,
199,1519311947.75574,1519311952.763339,TCP,18.218.115.60,55079,172.31.69.28,80,,P,T1210,0.0,0.0
200,1519311947.755762,1519311952.76302,TCP,172.31.69.28,80,18.218.115.60,55079,,,,,
201,1519311947.756127,1519312004.975217,TCP,18.218.115.60,55080,172.31.69.28,80,,P,T1210,0.0,0.0
202,1519311947.756131,1519312004.97522,TCP,172.31.69.28,80,18.218.115.60,55080,,,,,
203,1519312006.090896,1519312011.099739,TCP,18.218.115.60,55497,172.31.69.28,80,,P,T1210,0.0,0.0
204,1519312006.090921,1519312011.099743,TCP,172.31.69.28,80,18.218.115.60,55497,,,,,
205,1519312006.091279,1519312063.974934,TCP,18.218.115.60,55498,172.31.69.28,80,,P,T1210,0.0,0.0
206,1519312006.091282,1519312063.974937,TCP,172.31.69.28,80,18.218.115.60,55498,,,,,
207,1519312065.082053,1519312070.090263,TCP,18.218.115.60,55911,172.31.69.28,80,,P,T1210,0.0,0.0
208,1519312065.082076,1519312070.089943,TCP,172.31.69.28,80,18.218.115.60,55911,,,,,
209,1519312065.082527,1519312121.522025,TCP,18.218.115.60,55912,172.31.69.28,80,,P,T1210,0.0,0.0
210,1519312065.082531,1519312121.522028,TCP,172.31.69.28,80,18.218.115.60,55912,,,,,
211,1519312122.680218,1519312127.68918,TCP,18.218.115.60,56329,172.31.69.28,80,,P,T1210,0.0,0.0
212,1519312122.680242,1519312127.689185,TCP,172.31.69.28,80,18.218.115.60,56329,,,,,
213,1519312122.680621,1519312179.582917,TCP,18.218.115.60,56330,172.31.69.28,80,,P,T1210,0.0,0.0
214,1519312122.680626,1519312179.58292,TCP,172.31.69.28,80,18.218.115.60,56330,,,,,
215,1519312180.67552,1519312185.684383,TCP,18.218.115.60,56742,172.31.69.28,80,,P,T1210,0.0,0.0
216,1519312180.675544,1519312185.684167,TCP,172.31.69.28,80,18.218.115.60,56742,,,,,
217,1519312180.675971,1519312237.315129,TCP,18.218.115.60,56743,172.31.69.28,80,,P,T1210,0.0,0.0
218,1519312180.675976,1519312237.315132,TCP,172.31.69.28,80,18.218.115.60,56743,,,,,
219,1519312238.444446,1519312243.453424,TCP,18.218.115.60,57159,172.31.69.28,80,,P,T1210,0.0,0.0
220,1519312238.444468,1519312243.453428,TCP,172.31.69.28,80,18.218.115.60,57159,,,,,
221,1519312238.444743,1519312295.583419,TCP,18.218.115.60,57160,172.31.69.28,80,,P,T1210,0.0,0.0
222,1519312238.44475,1519312295.583423,TCP,172.31.69.28,80,18.218.115.60,57160,,,,,
223,1519312296.695526,1519312301.697368,TCP,18.218.115.60,57574,172.31.69.28,80,,P,T1210,0.0,0.0
224,1519312296.695553,1519312301.697032,TCP,172.31.69.28,80,18.218.115.60,57574,,,,,
225,1519312296.695846,1519312353.446268,TCP,18.218.115.60,57575,172.31.69.28,80,,P,T1210,0.0,0.0
226,1519312296.695852,1519312353.446272,TCP,172.31.69.28,80,18.218.115.60,57575,,,,,
227,1519312354.548649,1519312359.556069,TCP,18.218.115.60,57990,172.31.69.28,80,,P,T1210,0.0,0.0
228,1519312354.548672,1519312359.555658,TCP,172.31.69.28,80,18.218.115.60,57990,,,,,
229,1519312354.549043,1519312411.002803,TCP,18.218.115.60,57991,172.31.69.28,80,,P,T1210,0.0,0.0
230,1519312354.549046,1519312411.002806,TCP,172.31.69.28,80,18.218.115.60,57991,,,,,
231,1519312412.110222,1519312417.118188,TCP,18.218.115.60,58407,172.31.69.28,80,,P,T1210,0.0,0.0
232,1519312412.110246,1519312417.11786,TCP,172.31.69.28,80,18.218.115.60,58407,,,,,
233,1519312412.110677,1519312468.961215,TCP,18.218.115.60,58408,172.31.69.28,80,,P,T1210,0.0,0.0
234,1519312412.110681,1519312468.961217,TCP,172.31.69.28,80,18.218.115.60,58408,,,,,
235,1519312470.06911,1519312475.073552,TCP,18.218.115.60,58820,172.31.69.28,80,,P,T1210,0.0,0.0
236,1519312470.069134,1519312475.07324,TCP,172.31.69.28,80,18.218.115.60,58820,,,,,
237,1519312470.069528,1519312527.017749,TCP,18.218.115.60,58821,172.31.69.28,80,,P,T1210,0.0,0.0
238,1519312470.069532,1519312527.017752,TCP,172.31.69.28,80,18.218.115.60,58821,,,,,
239,1519312528.262112,1519312533.270979,TCP,18.218.115.60,59239,172.31.69.28,80,,P,T1210,0.0,0.0
240,1519312528.262137,1519312533.270983,TCP,172.31.69.28,80,18.218.115.60,59239,,,,,
241,1519312528.262487,1519312585.278454,TCP,18.218.115.60,59240,172.31.69.28,80,,P,T1210,0.0,0.0
242,1519312528.262493,1519312585.278457,TCP,172.31.69.28,80,18.218.115.60,59240,,,,,
243,1519312586.377258,1519312591.382388,TCP,18.218.115.60,59652,172.31.69.28,80,,P,T1210,0.0,0.0
244,1519312586.377281,1519312591.382078,TCP,172.31.69.28,80,18.218.115.60,59652,,,,,
245,1519312586.377718,1519312643.036048,TCP,18.218.115.60,59653,172.31.69.28,80,,P,T1210,0.0,0.0
246,1519312586.377723,1519312643.036053,TCP,172.31.69.28,80,18.218.115.60,59653,,,,,
247,1519312644.161401,1519312649.162982,TCP,18.218.115.60,60069,172.31.69.28,80,,P,T1210,0.0,0.0
248,1519312644.161424,1519312649.162551,TCP,172.31.69.28,80,18.218.115.60,60069,,,,,
249,1519312644.161709,1519312701.159372,TCP,18.218.115.60,60070,172.31.69.28,80,,P,T1210,0.0,0.0
250,1519312644.161715,1519312701.159375,TCP,172.31.69.28,80,18.218.115.60,60070,,,,,
251,1519312702.279907,1519312707.286325,TCP,18.218.115.60,60485,172.31.69.28,80,,P,T1210,0.0,0.0
252,1519312702.279937,1519312707.28633,TCP,172.31.69.28,80,18.218.115.60,60485,,,,,
253,1519312702.280264,1519312758.983506,TCP,18.218.115.60,60486,172.31.69.28,80,,P,T1210,0.0,0.0
254,1519312702.280271,1519312758.983509,TCP,172.31.69.28,80,18.218.115.60,60486,,,,,
255,1519312760.094188,1519312765.099839,TCP,18.218.115.60,60903,172.31.69.28,80,,P,T1210,0.0,0.0
256,1519312760.094211,1519312765.099843,TCP,172.31.69.28,80,18.218.115.60,60903,,,,,
257,1519312760.094497,1519312816.373504,TCP,18.218.115.60,60904,172.31.69.28,80,,P,T1210,0.0,0.0
258,1519312760.094501,1519312816.373507,TCP,172.31.69.28,80,18.218.115.60,60904,,,,,
259,1519312817.481955,1519312822.490922,TCP,18.218.115.60,61319,172.31.69.28,80,,P,T1210,0.0,0.0
260,1519312817.481978,1519312822.490926,TCP,172.31.69.28,80,18.218.115.60,61319,,,,,
261,1519312817.48238,1519312874.240272,TCP,18.218.115.60,61320,172.31.69.28,80,,P,T1210,0.0,0.0
262,1519312817.482385,1519312874.240275,TCP,172.31.69.28,80,18.218.115.60,61320,,,,,
263,1519312875.359404,1519312880.365078,TCP,18.218.115.60,61732,172.31.69.28,80,,P,T1210,0.0,0.0
264,1519312875.359427,1519312880.364737,TCP,172.31.69.28,80,18.218.115.60,61732,,,,,
265,1519312875.359801,1519312932.076911,TCP,18.218.115.60,61733,172.31.69.28,80,,P,T1210,0.0,0.0
266,1519312875.359806,1519312932.076914,TCP,172.31.69.28,80,18.218.115.60,61733,,,,,
267,1519312933.190118,1519312938.227605,TCP,18.218.115.60,62150,172.31.69.28,80,,P,T1210,0.0,0.0
268,1519312933.19014,1519312938.22762,TCP,172.31.69.28,80,18.218.115.60,62150,,,,,
269,1519312933.190383,1519312990.090023,TCP,18.218.115.60,62151,172.31.69.28,80,,P,T1210,0.0,0.0
270,1519312933.190388,1519312990.090026,TCP,172.31.69.28,80,18.218.115.60,62151,,,,,
271,1519312991.29195,1519312996.300559,TCP,18.218.115.60,62564,172.31.69.28,80,,P,T1210,0.0,0.0
272,1519312991.291973,1519312996.30022,TCP,172.31.69.28,80,18.218.115.60,62564,,,,,
273,1519312991.292302,1519313039.858533,TCP,18.218.115.60,62565,172.31.69.28,80,,P,T1210,0.0,0.0
274,1519312991.292309,1519313039.858147,TCP,172.31.69.28,80,18.218.115.60,62565,,,,,
275,1519394670.426211,1519394676.248701,TCP,18.218.115.60,49420,172.31.69.28,80,,P,T1210,0.0,0.0
276,1519394670.426226,1519394676.248328,TCP,172.31.69.28,80,18.218.115.60,49420,,,,,
277,1519394670.193975,1519394725.526978,TCP,18.218.115.60,49419,172.31.69.28,80,,P,T1210,0.0,0.0
278,1519394670.194009,1519394725.526982,TCP,172.31.69.28,80,18.218.115.60,49419,,,,,
279,1519394725.534692,1519394781.6874,TCP,18.218.115.60,49833,172.31.69.28,80,,P,T1210,0.0,0.0
280,1519394725.534705,1519394781.687404,TCP,172.31.69.28,80,18.218.115.60,49833,,,,,
281,1519394782.799002,1519394787.808667,TCP,18.218.115.60,50251,172.31.69.28,80,,P,T1210,0.0,0.0
282,1519394782.799029,1519394787.808672,TCP,172.31.69.28,80,18.218.115.60,50251,,,,,
283,1519394782.799411,1519394839.081398,TCP,18.218.115.60,50252,172.31.69.28,80,,P,T1210,0.0,0.0
284,1519394782.799416,1519394839.081402,TCP,172.31.69.28,80,18.218.115.60,50252,,,,,
285,1519394840.206714,1519394845.235345,TCP,18.218.115.60,50664,172.31.69.28,80,,P,T1210,0.0,0.0
286,1519394840.206739,1519394845.235363,TCP,172.31.69.28,80,18.218.115.60,50664,,,,,
287,1519394840.207011,1519394896.57633,TCP,18.218.115.60,50665,172.31.69.28,80,,P,T1210,0.0,0.0
288,1519394840.207016,1519394896.576334,TCP,172.31.69.28,80,18.218.115.60,50665,,,,,
289,1519394897.672842,1519394902.681892,TCP,18.218.115.60,51079,172.31.69.28,80,,P,T1210,0.0,0.0
290,1519394897.672868,1519394902.681896,TCP,172.31.69.28,80,18.218.115.60,51079,,,,,
291,1519394897.67317,1519394953.76616,TCP,18.218.115.60,51080,172.31.69.28,80,,P,T1210,0.0,0.0
292,1519394897.673176,1519394953.766163,TCP,172.31.69.28,80,18.218.115.60,51080,,,,,
293,1519394954.877815,1519394959.885465,TCP,18.218.115.60,51495,172.31.69.28,80,,P,T1210,0.0,0.0
294,1519394954.877841,1519394959.885046,TCP,172.31.69.28,80,18.218.115.60,51495,,,,,
295,1519394954.878164,1519395010.881851,TCP,18.218.115.60,51496,172.31.69.28,80,,P,T1210,0.0,0.0
296,1519394954.878171,1519395010.881855,TCP,172.31.69.28,80,18.218.115.60,51496,,,,,
297,1519395012.006709,1519395017.011647,TCP,18.218.115.60,51908,172.31.69.28,80,,P,T1210,0.0,0.0
298,1519395012.006734,1519395017.011261,TCP,172.31.69.28,80,18.218.115.60,51908,,,,,
299,1519395012.007034,1519395068.451334,TCP,18.218.115.60,51909,172.31.69.28,80,,P,T1210,0.0,0.0
300,1519395012.007041,1519395068.451338,TCP,172.31.69.28,80,18.218.115.60,51909,,,,,
301,1519395069.565612,1519395074.571794,TCP,18.218.115.60,52326,172.31.69.28,80,,P,T1210,0.0,0.0
302,1519395069.565638,1519395074.571456,TCP,172.31.69.28,80,18.218.115.60,52326,,,,,
303,1519395069.565918,1519395125.856955,TCP,18.218.115.60,52327,172.31.69.28,80,,P,T1210,0.0,0.0
304,1519395069.565922,1519395125.85696,TCP,172.31.69.28,80,18.218.115.60,52327,,,,,
305,1519395126.950915,1519395131.960005,TCP,18.218.115.60,52739,172.31.69.28,80,,P,T1210,0.0,0.0
306,1519395126.950941,1519395131.96001,TCP,172.31.69.28,80,18.218.115.60,52739,,,,,
307,1519395126.951269,1519395183.135927,TCP,18.218.115.60,52740,172.31.69.28,80,,P,T1210,0.0,0.0
308,1519395126.951276,1519395183.13593,TCP,172.31.69.28,80,18.218.115.60,52740,,,,,
309,1519395184.228751,1519395189.237607,TCP,18.218.115.60,53157,172.31.69.28,80,,P,T1210,0.0,0.0
310,1519395184.228778,1519395189.237612,TCP,172.31.69.28,80,18.218.115.60,53157,,,,,
311,1519395184.229043,1519395240.04958,TCP,18.218.115.60,53158,172.31.69.28,80,,P,T1210,0.0,0.0
312,1519395184.229048,1519395240.049585,TCP,172.31.69.28,80,18.218.115.60,53158,,,,,
313,1519395241.142017,1519395246.148015,TCP,18.218.115.60,53570,172.31.69.28,80,,P,T1210,0.0,0.0
314,1519395241.142042,1519395246.147568,TCP,172.31.69.28,80,18.218.115.60,53570,,,,,
315,1519395241.142464,1519395297.158508,TCP,18.218.115.60,53571,172.31.69.28,80,,P,T1210,0.0,0.0
316,1519395241.142471,1519395297.158513,TCP,172.31.69.28,80,18.218.115.60,53571,,,,,
317,1519395298.262993,1519395303.27336,TCP,18.218.115.60,53989,172.31.69.28,80,,P,T1210,0.0,0.0
318,1519395298.263018,1519395303.273366,TCP,172.31.69.28,80,18.218.115.60,53989,,,,,
319,1519395298.263391,1519395354.95669,TCP,18.218.115.60,53990,172.31.69.28,80,,P,T1210,0.0,0.0
320,1519395298.263401,1519395354.956694,TCP,172.31.69.28,80,18.218.115.60,53990,,,,,
321,1519395356.059673,1519395361.068586,TCP,18.218.115.60,54404,172.31.69.28,80,,P,T1210,0.0,0.0
322,1519395356.059699,1519395361.06859,TCP,172.31.69.28,80,18.218.115.60,54404,,,,,
323,1519395356.060024,1519395412.260867,TCP,18.218.115.60,54405,172.31.69.28,80,,P,T1210,0.0,0.0
324,1519395356.060031,1519395412.260871,TCP,172.31.69.28,80,18.218.115.60,54405,,,,,
325,1519395413.374037,1519395418.38016,TCP,18.218.115.60,54818,172.31.69.28,80,,P,T1210,0.0,0.0
326,1519395413.374062,1519395418.379858,TCP,172.31.69.28,80,18.218.115.60,54818,,,,,
327,1519395413.374414,1519395469.399654,TCP,18.218.115.60,54819,172.31.69.28,80,,P,T1210,0.0,0.0
328,1519395413.37442,1519395469.399658,TCP,172.31.69.28,80,18.218.115.60,54819,,,,,
329,1519395470.534613,1519395475.53586,TCP,18.218.115.60,55235,172.31.69.28,80,,P,T1210,0.0,0.0
330,1519395470.534637,1519395475.535495,TCP,172.31.69.28,80,18.218.115.60,55235,,,,,
331,1519395470.534982,1519395526.805182,TCP,18.218.115.60,55236,172.31.69.28,80,,P,T1210,0.0,0.0
332,1519395470.534988,1519395526.805186,TCP,172.31.69.28,80,18.218.115.60,55236,,,,,
333,1519395527.917909,1519395532.925628,TCP,18.218.115.60,55648,172.31.69.28,80,,P,T1210,0.0,0.0
334,1519395527.917934,1519395532.92524,TCP,172.31.69.28,80,18.218.115.60,55648,,,,,
335,1519395527.918263,1519395583.993676,TCP,18.218.115.60,55649,172.31.69.28,80,,P,T1210,0.0,0.0
336,1519395527.918271,1519395583.99368,TCP,172.31.69.28,80,18.218.115.60,55649,,,,,
337,1519395585.106461,1519395590.114529,TCP,18.218.115.60,56066,172.31.69.28,80,,P,T1210,0.0,0.0
338,1519395585.106488,1519395590.114172,TCP,172.31.69.28,80,18.218.115.60,56066,,,,,
339,1519395585.10676,1519395641.423454,TCP,18.218.115.60,56067,172.31.69.28,80,,P,T1210,0.0,0.0
340,1519395585.106765,1519395641.423459,TCP,172.31.69.28,80,18.218.115.60,56067,,,,,
341,1519395642.543095,1519395647.549558,TCP,18.218.115.60,56480,172.31.69.28,80,,P,T1210,0.0,0.0
342,1519395642.543128,1519395647.549264,TCP,172.31.69.28,80,18.218.115.60,56480,,,,,
343,1519395642.543438,1519395698.773481,TCP,18.218.115.60,56481,172.31.69.28,80,,P,T1210,0.0,0.0
344,1519395642.543449,1519395698.773485,TCP,172.31.69.28,80,18.218.115.60,56481,,,,,
345,1519395699.884804,1519395704.892603,TCP,18.218.115.60,56896,172.31.69.28,80,,P,T1210,0.0,0.0
346,1519395699.884829,1519395704.892239,TCP,172.31.69.28,80,18.218.115.60,56896,,,,,
347,1519395699.885164,1519395755.425791,TCP,18.218.115.60,56897,172.31.69.28,80,,P,T1210,0.0,0.0
348,1519395699.88517,1519395755.425795,TCP,172.31.69.28,80,18.218.115.60,56897,,,,,
349,1519395756.539252,1519395761.547968,TCP,18.218.115.60,57310,172.31.69.28,80,,P,T1210,0.0,0.0
350,1519395756.539277,1519395761.547651,TCP,172.31.69.28,80,18.218.115.60,57310,,,,,
351,1519395756.539434,1519395812.106824,TCP,18.218.115.60,57311,172.31.69.28,80,,P,T1210,0.0,0.0
352,1519395756.539439,1519395812.106828,TCP,172.31.69.28,80,18.218.115.60,57311,,,,,
353,1519395813.212206,1519395818.217584,TCP,18.218.115.60,57723,172.31.69.28,80,,P,T1210,0.0,0.0
354,1519395813.212231,1519395818.217589,TCP,172.31.69.28,80,18.218.115.60,57723,,,,,
355,1519395813.212494,1519395868.841089,TCP,18.218.115.60,57724,172.31.69.28,80,,P,T1210,0.0,0.0
356,1519395813.212499,1519395868.841093,TCP,172.31.69.28,80,18.218.115.60,57724,,,,,
357,1519395869.959648,1519395874.968681,TCP,18.218.115.60,58141,172.31.69.28,80,,P,T1210,0.0,0.0
358,1519395869.959673,1519395874.968685,TCP,172.31.69.28,80,18.218.115.60,58141,,,,,
359,1519395869.959981,1519395925.673343,TCP,18.218.115.60,58142,172.31.69.28,80,,P,T1210,0.0,0.0
360,1519395869.959993,1519395925.673347,TCP,172.31.69.28,80,18.218.115.60,58142,,,,,
361,1519395926.766674,1519395931.775418,TCP,18.218.115.60,58554,172.31.69.28,80,,P,T1210,0.0,0.0
362,1519395926.766705,1519395931.775422,TCP,172.31.69.28,80,18.218.115.60,58554,,,,,
363,1519395926.766847,1519395982.660321,TCP,18.218.115.60,58555,172.31.69.28,80,,P,T1210,0.0,0.0
364,1519395926.766854,1519395982.660325,TCP,172.31.69.28,80,18.218.115.60,58555,,,,,
365,1519395983.774355,1519395988.779913,TCP,18.218.115.60,58972,172.31.69.28,80,,P,T1210,0.0,0.0
366,1519395983.77439,1519395988.779556,TCP,172.31.69.28,80,18.218.115.60,58972,,,,,
367,1519395983.77477,1519396040.128377,TCP,18.218.115.60,58973,172.31.69.28,80,,P,T1210,0.0,0.0
368,1519395983.774777,1519396040.128381,TCP,172.31.69.28,80,18.218.115.60,58973,,,,,
369,1519396041.249234,1519396046.258246,TCP,18.218.115.60,59386,172.31.69.28,80,,P,T1210,0.0,0.0
370,1519396041.249261,1519396046.258252,TCP,172.31.69.28,80,18.218.115.60,59386,,,,,
371,1519396041.249518,1519396098.110446,TCP,18.218.115.60,59387,172.31.69.28,80,,P,T1210,0.0,0.0
372,1519396041.249524,1519396098.110449,TCP,172.31.69.28,80,18.218.115.60,59387,,,,,
373,1519396099.208743,1519396104.21748,TCP,18.218.115.60,59803,172.31.69.28,80,,P,T1210,0.0,0.0
374,1519396099.20877,1519396104.21718,TCP,172.31.69.28,80,18.218.115.60,59803,,,,,
375,1519396099.209073,1519396155.789312,TCP,18.218.115.60,59804,172.31.69.28,80,,P,T1210,0.0,0.0
376,1519396099.209078,1519396155.789316,TCP,172.31.69.28,80,18.218.115.60,59804,,,,,
377,1519396156.897022,1519396161.905004,TCP,18.218.115.60,60217,172.31.69.28,80,,P,T1210,0.0,0.0
378,1519396156.897047,1519396161.904715,TCP,172.31.69.28,80,18.218.115.60,60217,,,,,
379,1519396156.897512,1519396213.368584,TCP,18.218.115.60,60218,172.31.69.28,80,,P,T1210,0.0,0.0
380,1519396156.897517,1519396213.368587,TCP,172.31.69.28,80,18.218.115.60,60218,,,,,
381,1519396214.473543,1519396219.481965,TCP,18.218.115.60,60632,172.31.69.28,80,,P,T1210,0.0,0.0
382,1519396214.47357,1519396219.481636,TCP,172.31.69.28,80,18.218.115.60,60632,,,,,
383,1519396214.473985,1519396271.241523,TCP,18.218.115.60,60633,172.31.69.28,80,,P,T1210,0.0,0.0
384,1519396214.473989,1519396271.241527,TCP,172.31.69.28,80,18.218.115.60,60633,,,,,
385,1519396272.356074,1519396277.365134,TCP,18.218.115.60,61049,172.31.69.28,80,,P,T1210,0.0,0.0
386,1519396272.356099,1519396277.365138,TCP,172.31.69.28,80,18.218.115.60,61049,,,,,
387,1519396272.35649,1519396328.676417,TCP,18.218.115.60,61050,172.31.69.28,80,,P,T1210,0.0,0.0
388,1519396272.356496,1519396328.676421,TCP,172.31.69.28,80,18.218.115.60,61050,,,,,
389,1519396329.783971,1519396334.791756,TCP,18.218.115.60,61461,172.31.69.28,80,,P,T1210,0.0,0.0
390,1519396329.783996,1519396334.791443,TCP,172.31.69.28,80,18.218.115.60,61461,,,,,
391,1519396329.784337,1519396385.92174,TCP,18.218.115.60,61462,172.31.69.28,80,,P,T1210,0.0,0.0
392,1519396329.784344,1519396385.921744,TCP,172.31.69.28,80,18.218.115.60,61462,,,,,
393,1519396387.01541,1519396392.024487,TCP,18.218.115.60,61879,172.31.69.28,80,,P,T1210,0.0,0.0
394,1519396387.01544,1519396392.024492,TCP,172.31.69.28,80,18.218.115.60,61879,,,,,
395,1519396387.015858,1519396443.270002,TCP,18.218.115.60,61880,172.31.69.28,80,,P,T1210,0.0,0.0
396,1519396387.015864,1519396443.270007,TCP,172.31.69.28,80,18.218.115.60,61880,,,,,
397,1519396444.375811,1519396449.3848,TCP,18.218.115.60,62293,172.31.69.28,80,,P,T1210,0.0,0.0
398,1519396444.375835,1519396449.384805,TCP,172.31.69.28,80,18.218.115.60,62293,,,,,
399,1519396444.376097,1519396500.363929,TCP,18.218.115.60,62294,172.31.69.28,80,,P,T1210,0.0,0.0
400,1519396444.376104,1519396500.363932,TCP,172.31.69.28,80,18.218.115.60,62294,,,,,
401,1519396501.471303,1519396506.477503,TCP,18.218.115.60,62711,172.31.69.28,80,,P,T1210,0.0,0.0
402,1519396501.471329,1519396506.477152,TCP,172.31.69.28,80,18.218.115.60,62711,,,,,
403,1519396501.471655,1519396558.412804,TCP,18.218.115.60,62712,172.31.69.28,80,,P,T1210,0.0,0.0
404,1519396501.471662,1519396558.412808,TCP,172.31.69.28,80,18.218.115.60,62712,,,,,
405,1519396559.515283,1519396564.524323,TCP,18.218.115.60,63124,172.31.69.28,80,,P,T1210,0.0,0.0
406,1519396559.515318,1519396564.524331,TCP,172.31.69.28,80,18.218.115.60,63124,,,,,
407,1519396559.515576,1519396615.870426,TCP,18.218.115.60,63125,172.31.69.28,80,,P,T1210,0.0,0.0
408,1519396559.515581,1519396615.870429,TCP,172.31.69.28,80,18.218.115.60,63125,,,,,
409,1519396616.967898,1519396621.976246,TCP,18.218.115.60,63540,172.31.69.28,80,,P,T1210,0.0,0.0
410,1519396616.967924,1519396621.975902,TCP,172.31.69.28,80,18.218.115.60,63540,,,,,
411,1519396616.968285,1519396673.500455,TCP,18.218.115.60,63541,172.31.69.28,80,,P,T1210,0.0,0.0
412,1519396616.968292,1519396673.50046,TCP,172.31.69.28,80,18.218.115.60,63541,,,,,
413,1519396674.609833,1519396679.616334,TCP,18.218.115.60,63956,172.31.69.28,80,,P,T1210,0.0,0.0
414,1519396674.609866,1519396679.615914,TCP,172.31.69.28,80,18.218.115.60,63956,,,,,
415,1519396674.610112,1519396730.846969,TCP,18.218.115.60,63957,172.31.69.28,80,,P,T1210,0.0,0.0
416,1519396674.610121,1519396730.846974,TCP,172.31.69.28,80,18.218.115.60,63957,,,,,
417,1519396731.953532,1519396736.961434,TCP,18.218.115.60,64368,172.31.69.28,80,,P,T1210,0.0,0.0
418,1519396731.953557,1519396736.961093,TCP,172.31.69.28,80,18.218.115.60,64368,,,,,
419,1519396731.953915,1519396788.487637,TCP,18.218.115.60,64369,172.31.69.28,80,,P,T1210,0.0,0.0
420,1519396731.953933,1519396788.48764,TCP,172.31.69.28,80,18.218.115.60,64369,,,,,
421,1519396789.592805,1519396794.599377,TCP,18.218.115.60,64791,172.31.69.28,80,,P,T1210,0.0,0.0
422,1519396789.59283,1519396794.598952,TCP,172.31.69.28,80,18.218.115.60,64791,,,,,
423,1519396789.593174,1519396846.230997,TCP,18.218.115.60,64792,172.31.69.28,80,,P,T1210,0.0,0.0
424,1519396789.59318,1519396846.231001,TCP,172.31.69.28,80,18.218.115.60,64792,,,,,
425,1519396847.346932,1519396852.348467,TCP,18.218.115.60,65204,172.31.69.28,80,,P,T1210,0.0,0.0
426,1519396847.346956,1519396852.34819,TCP,172.31.69.28,80,18.218.115.60,65204,,,,,
427,1519396847.347343,1519396903.216663,TCP,18.218.115.60,65205,172.31.69.28,80,,P,T1210,0.0,0.0
428,1519396847.347348,1519396903.21667,TCP,172.31.69.28,80,18.218.115.60,65205,,,,,
429,1519396904.32374,1519396909.333214,TCP,18.218.115.60,49237,172.31.69.28,80,,P,T1210,0.0,0.0
430,1519396904.323764,1519396909.33322,TCP,172.31.69.28,80,18.218.115.60,49237,,,,,
431,1519396904.323999,1519396960.992321,TCP,18.218.115.60,49238,172.31.69.28,80,,P,T1210,0.0,0.0
432,1519396904.324004,1519396960.992325,TCP,172.31.69.28,80,18.218.115.60,49238,,,,,
433,1519396962.087926,1519396967.097041,TCP,18.218.115.60,49658,172.31.69.28,80,,P,T1210,0.0,0.0
434,1519396962.08795,1519396967.097046,TCP,172.31.69.28,80,18.218.115.60,49658,,,,,
435,1519396962.08832,1519397018.812443,TCP,18.218.115.60,49659,172.31.69.28,80,,P,T1210,0.0,0.0
436,1519396962.088325,1519397018.812447,TCP,172.31.69.28,80,18.218.115.60,49659,,,,,
437,1519397019.918009,1519397024.925675,TCP,18.218.115.60,50080,172.31.69.28,80,,P,T1210,0.0,0.0
438,1519397019.918035,1519397024.925679,TCP,172.31.69.28,80,18.218.115.60,50080,,,,,
439,1519397019.918321,1519397076.015069,TCP,18.218.115.60,50081,172.31.69.28,80,,P,T1210,0.0,0.0
440,1519397019.918326,1519397076.015073,TCP,172.31.69.28,80,18.218.115.60,50081,,,,,
441,1519397077.118695,1519397082.12763,TCP,18.218.115.60,50497,172.31.69.28,80,,P,T1210,0.0,0.0
442,1519397077.118719,1519397082.127047,TCP,172.31.69.28,80,18.218.115.60,50497,,,,,
443,1519397077.118978,1519397133.496094,TCP,18.218.115.60,50498,172.31.69.28,80,,P,T1210,0.0,0.0
444,1519397077.118982,1519397133.496098,TCP,172.31.69.28,80,18.218.115.60,50498,,,,,
445,1519397134.602892,1519397139.611512,TCP,18.218.115.60,50910,172.31.69.28,80,,P,T1210,0.0,0.0
446,1519397134.602917,1519397139.611105,TCP,172.31.69.28,80,18.218.115.60,50910,,,,,
447,1519397134.603123,1519397191.687262,TCP,18.218.115.60,50911,172.31.69.28,80,,P,T1210,0.0,0.0
448,1519397134.603128,1519397191.687265,TCP,172.31.69.28,80,18.218.115.60,50911,,,,,
449,1519397192.780938,1519397197.790005,TCP,18.218.115.60,51328,172.31.69.28,80,,P,T1210,0.0,0.0
450,1519397192.780964,1519397197.790009,TCP,172.31.69.28,80,18.218.115.60,51328,,,,,
451,1519397192.781238,1519397249.14935,TCP,18.218.115.60,51329,172.31.69.28,80,,P,T1210,0.0,0.0
452,1519397192.781243,1519397249.149355,TCP,172.31.69.28,80,18.218.115.60,51329,,,,,
453,1519397250.257796,1519397255.269544,TCP,18.218.115.60,51742,172.31.69.28,80,,P,T1210,0.0,0.0
454,1519397250.257821,1519397255.269278,TCP,172.31.69.28,80,18.218.115.60,51742,,,,,
455,1519397250.258189,1519397306.772363,TCP,18.218.115.60,51743,172.31.69.28,80,,P,T1210,0.0,0.0
456,1519397250.258196,1519397306.772366,TCP,172.31.69.28,80,18.218.115.60,51743,,,,,
457,1519397307.88176,1519397312.891302,TCP,18.218.115.60,52158,172.31.69.28,80,,P,T1210,0.0,0.0
458,1519397307.881785,1519397312.891308,TCP,172.31.69.28,80,18.218.115.60,52158,,,,,
459,1519397307.882131,1519397364.46136,TCP,18.218.115.60,52159,172.31.69.28,80,,P,T1210,0.0,0.0
460,1519397307.882138,1519397364.461364,TCP,172.31.69.28,80,18.218.115.60,52159,,,,,
461,1519397365.617538,1519397370.624632,TCP,18.218.115.60,52572,172.31.69.28,80,,P,T1210,0.0,0.0
462,1519397365.617564,1519397370.624255,TCP,172.31.69.28,80,18.218.115.60,52572,,,,,
463,1519397365.61785,1519397421.93469,TCP,18.218.115.60,52573,172.31.69.28,80,,P,T1210,0.0,0.0
464,1519397365.617856,1519397421.934698,TCP,172.31.69.28,80,18.218.115.60,52573,,,,,
465,1519397423.038037,1519397428.045862,TCP,18.218.115.60,52988,172.31.69.28,80,,P,T1210,0.0,0.0
466,1519397423.038063,1519397428.04545,TCP,172.31.69.28,80,18.218.115.60,52988,,,,,
467,1519397423.038511,1519397479.23917,TCP,18.218.115.60,52989,172.31.69.28,80,,P,T1210,0.0,0.0
468,1519397423.038517,1519397479.239174,TCP,172.31.69.28,80,18.218.115.60,52989,,,,,
469,1519397480.357444,1519397485.366744,TCP,18.218.115.60,53404,172.31.69.28,80,,P,T1210,0.0,0.0
470,1519397480.357478,1519397485.366749,TCP,172.31.69.28,80,18.218.115.60,53404,,,,,
471,1519397480.357754,1519397537.138416,TCP,18.218.115.60,53405,172.31.69.28,80,,P,T1210,0.0,0.0
472,1519397480.357758,1519397537.138419,TCP,172.31.69.28,80,18.218.115.60,53405,,,,,
473,1519397538.268555,1519397543.277867,TCP,18.218.115.60,53817,172.31.69.28,80,,P,T1210,0.0,0.0
474,1519397538.268594,1519397543.277872,TCP,172.31.69.28,80,18.218.115.60,53817,,,,,
475,1519397538.268985,1519397595.417004,TCP,18.218.115.60,53818,172.31.69.28,80,,P,T1210,0.0,0.0
476,1519397538.268992,1519397595.417008,TCP,172.31.69.28,80,18.218.115.60,53818,,,,,
477,1519397596.537793,1519397601.545403,TCP,18.218.115.60,54235,172.31.69.28,80,,P,T1210,0.0,0.0
478,1519397596.537819,1519397601.545223,TCP,172.31.69.28,80,18.218.115.60,54235,,,,,
479,1519397596.538129,1519397652.842083,TCP,18.218.115.60,54236,172.31.69.28,80,,P,T1210,0.0,0.0
480,1519397596.538137,1519397652.842087,TCP,172.31.69.28,80,18.218.115.60,54236,,,,,
481,1519397653.97251,1519397658.980536,TCP,18.218.115.60,54649,172.31.69.28,80,,P,T1210,0.0,0.0
482,1519397653.972534,1519397658.980165,TCP,172.31.69.28,80,18.218.115.60,54649,,,,,
483,1519397653.972833,1519397710.588609,TCP,18.218.115.60,54650,172.31.69.28,80,,P,T1210,0.0,0.0
484,1519397653.972838,1519397710.588612,TCP,172.31.69.28,80,18.218.115.60,54650,,,,,
485,1519397711.70486,1519397716.713846,TCP,18.218.115.60,55066,172.31.69.28,80,,P,T1210,0.0,0.0
486,1519397711.704885,1519397716.71241,TCP,172.31.69.28,80,18.218.115.60,55066,,,,,
487,1519397711.705205,1519397768.435536,TCP,18.218.115.60,55067,172.31.69.28,80,,P,T1210,0.0,0.0
488,1519397711.705212,1519397768.43554,TCP,172.31.69.28,80,18.218.115.60,55067,,,,,
489,1519397769.56684,1519397774.573026,TCP,18.218.115.60,55480,172.31.69.28,80,,P,T1210,0.0,0.0
490,1519397769.566865,1519397774.57269,TCP,172.31.69.28,80,18.218.115.60,55480,,,,,
491,1519397769.567096,1519397826.908389,TCP,18.218.115.60,55481,172.31.69.28,80,,P,T1210,0.0,0.0
492,1519397769.5671,1519397826.908392,TCP,172.31.69.28,80,18.218.115.60,55481,,,,,
493,1519397828.030817,1519397833.039723,TCP,18.218.115.60,55894,172.31.69.28,80,,P,T1210,0.0,0.0
494,1519397828.030843,1519397833.039727,TCP,172.31.69.28,80,18.218.115.60,55894,,,,,
495,1519397828.031109,1519397884.263653,TCP,18.218.115.60,55895,172.31.69.28,80,,P,T1210,0.0,0.0
496,1519397828.031114,1519397884.263656,TCP,172.31.69.28,80,18.218.115.60,55895,,,,,
497,1519397885.359782,1519397890.368691,TCP,18.218.115.60,56311,172.31.69.28,80,,P,T1210,0.0,0.0
498,1519397885.359809,1519397890.368696,TCP,172.31.69.28,80,18.218.115.60,56311,,,,,
499,1519397885.360128,1519397941.593833,TCP,18.218.115.60,56312,172.31.69.28,80,,P,T1210,0.0,0.0
500,1519397885.360134,1519397941.593837,TCP,172.31.69.28,80,18.218.115.60,56312,,,,,
501,1519397942.706397,1519397947.711762,TCP,18.218.115.60,56724,172.31.69.28,80,,P,T1210,0.0,0.0
502,1519397942.706422,1519397947.711405,TCP,172.31.69.28,80,18.218.115.60,56724,,,,,
503,1519397942.70643,1519397999.413868,TCP,18.218.115.60,56725,172.31.69.28,80,,P,T1210,0.0,0.0
504,1519397942.706434,1519397999.413876,TCP,172.31.69.28,80,18.218.115.60,56725,,,,,
505,1519398000.51945,1519398005.528323,TCP,18.218.115.60,57144,172.31.69.28,80,,P,T1210,0.0,0.0
506,1519398000.519475,1519398005.528328,TCP,172.31.69.28,80,18.218.115.60,57144,,,,,
507,1519398000.519742,1519398056.63146,TCP,18.218.115.60,57145,172.31.69.28,80,,P,T1210,0.0,0.0
508,1519398000.519746,1519398056.631463,TCP,172.31.69.28,80,18.218.115.60,57145,,,,,
509,1519398057.822527,1519398062.832213,TCP,18.218.115.60,57557,172.31.69.28,80,,P,T1210,0.0,0.0
510,1519398057.822552,1519398062.832217,TCP,172.31.69.28,80,18.218.115.60,57557,,,,,
511,1519398057.822961,1519398114.846943,TCP,18.218.115.60,57558,172.31.69.28,80,,P,T1210,0.0,0.0
512,1519398057.822966,1519398114.846947,TCP,172.31.69.28,80,18.218.115.60,57558,,,,,
513,1519398115.954449,1519398120.960903,TCP,18.218.115.60,57974,172.31.69.28,80,,P,T1210,0.0,0.0
514,1519398115.954474,1519398120.960437,TCP,172.31.69.28,80,18.218.115.60,57974,,,,,
515,1519398115.954753,1519398172.085661,TCP,18.218.115.60,57975,172.31.69.28,80,,P,T1210,0.0,0.0
516,1519398115.954758,1519398172.085665,TCP,172.31.69.28,80,18.218.115.60,57975,,,,,
517,1519398173.207863,1519398178.219856,TCP,18.218.115.60,58387,172.31.69.28,80,,P,T1210,0.0,0.0
518,1519398173.207888,1519398178.21986,TCP,172.31.69.28,80,18.218.115.60,58387,,,,,
519,1519398173.208311,1519398179.942004,TCP,18.218.115.60,58388,172.31.69.28,80,,P,T1210,0.0,0.0
520,1519398173.208316,1519398179.943584,TCP,172.31.69.28,80,18.218.115.60,58388,,,,,
